{"stats":{"minecraft:picked_up":{"minecraft:spruce_fence":1,"minecraft:oak_planks":1,"minecraft:spruce_stairs":2,"minecraft:spruce_planks":1},"minecraft:used":{"minecraft:spruce_stairs":2,"minecraft:oak_planks":1,"minecraft:spruce_planks":1,"minecraft:spruce_fence":1},"minecraft:custom":{"minecraft:time_since_rest":2546,"minecraft:leave_game":1,"minecraft:crouch_one_cm":306,"minecraft:play_time":2546,"minecraft:sprint_one_cm":4038,"minecraft:time_since_death":2546,"minecraft:walk_one_cm":5628,"minecraft:sneak_time":140,"minecraft:total_world_time":2546,"minecraft:fall_one_cm":1221,"minecraft:fly_one_cm":3161,"minecraft:jump":25},"minecraft:mined":{"minecraft:spruce_stairs":2,"minecraft:spruce_fence":1,"minecraft:spruce_planks":1,"minecraft:oak_planks":1}},"DataVersion":3465}