{"stats":{"minecraft:used":{"minecraft:spruce_fence":1},"minecraft:custom":{"minecraft:jump":11,"minecraft:time_since_rest":1042,"minecraft:crouch_one_cm":79,"minecraft:sprint_one_cm":1393,"minecraft:play_time":1042,"minecraft:time_since_death":1042,"minecraft:walk_one_cm":3572,"minecraft:sneak_time":12,"minecraft:total_world_time":1042,"minecraft:fall_one_cm":478,"minecraft:fly_one_cm":467},"minecraft:mined":{"minecraft:spruce_fence":1},"minecraft:picked_up":{"minecraft:spruce_fence":1}},"DataVersion":3465}