{"stats":{"minecraft:mined":{"minecraft:spruce_stairs":3,"minecraft:white_bed":1,"minecraft:spruce_planks":1,"minecraft:furnace":1,"minecraft:crafting_table":1,"minecraft:grass":36,"minecraft:grass_block":3,"minecraft:spruce_fence":2,"minecraft:oak_log":5,"minecraft:brown_wool":1,"minecraft:dirt":44,"minecraft:tall_grass":7,"minecraft:stone":137,"minecraft:oak_planks":2,"minecraft:oak_leaves":2},"minecraft:killed_by":{"minecraft:zombie":1},"minecraft:crafted":{"minecraft:oak_door":3,"minecraft:oak_planks":20,"minecraft:crafting_table":1,"minecraft:stick":8,"minecraft:wooden_pickaxe":1,"minecraft:stone_pickaxe":1,"minecraft:stone_sword":1,"minecraft:furnace":4,"minecraft:white_bed":1,"minecraft:stone_axe":1},"minecraft:broken":{"minecraft:stone_pickaxe":1},"minecraft:custom":{"minecraft:time_since_rest":3698,"minecraft:interact_with_furnace":1,"minecraft:sprint_one_cm":45268,"minecraft:damage_taken":255,"minecraft:walk_one_cm":66481,"minecraft:mob_kills":11,"minecraft:damage_dealt":1330,"minecraft:interact_with_crafting_table":7,"minecraft:fly_one_cm":72849,"minecraft:crouch_one_cm":11210,"minecraft:play_time":24079,"minecraft:deaths":1,"minecraft:sneak_time":3747,"minecraft:jump":385,"minecraft:leave_game":2,"minecraft:time_since_death":7082,"minecraft:sleep_in_bed":1,"minecraft:total_world_time":24079,"minecraft:fall_one_cm":13146},"minecraft:used":{"minecraft:stone_sword":28,"minecraft:apple":1,"minecraft:stone_pickaxe":131,"minecraft:brown_wool":1,"minecraft:oak_planks":2,"minecraft:spruce_planks":1,"minecraft:wooden_pickaxe":8,"minecraft:stone_axe":1,"minecraft:rotten_flesh":2,"minecraft:oak_door":2,"minecraft:dirt":47,"minecraft:crafting_table":2,"minecraft:furnace":5,"minecraft:oak_sapling":1,"minecraft:spruce_stairs":3,"minecraft:white_bed":2,"minecraft:spruce_fence":2},"minecraft:picked_up":{"minecraft:stick":1,"minecraft:crafting_table":1,"minecraft:leather":4,"minecraft:brown_wool":3,"minecraft:wooden_pickaxe":1,"minecraft:spruce_stairs":3,"minecraft:spruce_fence":2,"minecraft:porkchop":4,"minecraft:oak_log":5,"minecraft:white_bed":1,"alexsmobs:animal_dictionary":1,"minecraft:string":4,"minecraft:dirt":69,"minecraft:stone_sword":1,"minecraft:rotten_flesh":4,"minecraft:apple":1,"minecraft:stone_axe":1,"minecraft:wheat_seeds":9,"minecraft:spruce_planks":1,"minecraft:beef":2,"minecraft:stone_pickaxe":1,"minecraft:oak_sapling":1,"minecraft:mutton":12,"minecraft:oak_planks":11,"minecraft:white_wool":6,"minecraft:cobblestone":167,"minecraft:furnace":1},"minecraft:killed":{"minecraft:sheep":4,"minecraft:zombie":3,"minecraft:pig":2,"minecraft:spider":1,"minecraft:cow":1}},"DataVersion":3465}