{"stats":{"minecraft:mined":{"minecraft:spruce_stairs":3,"minecraft:spruce_planks":1,"minecraft:grass":14,"minecraft:grass_block":3,"minecraft:spruce_fence":2,"minecraft:oak_log":5,"minecraft:dirt":22,"minecraft:tall_grass":7,"minecraft:stone":15,"minecraft:oak_planks":2,"minecraft:oak_leaves":2},"minecraft:crafted":{"minecraft:oak_planks":20,"minecraft:crafting_table":1,"minecraft:stick":8,"minecraft:wooden_pickaxe":1,"minecraft:stone_pickaxe":1,"minecraft:stone_axe":1},"minecraft:custom":{"minecraft:time_since_rest":12079,"minecraft:sprint_one_cm":19536,"minecraft:damage_taken":40,"minecraft:walk_one_cm":23666,"minecraft:mob_kills":2,"minecraft:damage_dealt":160,"minecraft:interact_with_crafting_table":2,"minecraft:fly_one_cm":31970,"minecraft:crouch_one_cm":2332,"minecraft:play_time":12079,"minecraft:sneak_time":923,"minecraft:jump":154,"minecraft:leave_game":2,"minecraft:time_since_death":12079,"minecraft:total_world_time":12079,"minecraft:fall_one_cm":6919},"minecraft:used":{"minecraft:apple":1,"minecraft:stone_pickaxe":9,"minecraft:oak_planks":2,"minecraft:spruce_planks":1,"minecraft:wooden_pickaxe":6,"minecraft:crafting_table":1,"minecraft:oak_sapling":1,"minecraft:spruce_stairs":3,"minecraft:spruce_fence":2},"minecraft:picked_up":{"minecraft:brown_wool":1,"minecraft:spruce_stairs":3,"minecraft:spruce_fence":2,"minecraft:oak_log":5,"minecraft:dirt":25,"minecraft:apple":1,"minecraft:wheat_seeds":2,"minecraft:spruce_planks":1,"minecraft:oak_sapling":1,"minecraft:mutton":3,"minecraft:oak_planks":2,"minecraft:white_wool":1,"minecraft:cobblestone":9},"minecraft:killed":{"minecraft:sheep":2}},"DataVersion":3465}